Iteration,Best Cost Found
0,0.012703745
1,0.012095223
2,0.003239934
3,0.014066145
4,0.036896483
5,0.007620294
6,0.006657556
7,0.002458034
8,0.005471676
9,0.013406857
