Iteration,Best Cost Found
0,0.017084518
1,0.011165631
2,0.012150803
3,0.01868908
4,0.018391723
5,0.005143392
6,0.013761051
7,0.010947399
8,0.011915764
9,0.011476442
