Iteration,Best Cost Found
0,0.008135212
1,0.002030477
2,0.001586287
3,0.011164156
4,0.011966692
5,0.005621936
6,0.00335927
7,0.012121839
8,0.024590942
9,0.004659557
