Iteration,Best Cost Found
0,0.033180797
1,0.002786779
2,0.01190977
3,0.007147941
4,0.004844266
5,0.008807997
6,0.008664053
7,0.006424044
8,0.003372065
9,0.010909415
