Iteration,Best Cost Found
0,0.032135354
1,0.003992057
2,0.004203055
3,0.006002982
4,0.027243989
5,0.004574128
6,0.025765346
7,0.00450647
8,0.013115602
9,0.002906784
